INSERT INTO [dbo].[manager] (id_manager, login_m, password_m) VALUES (1, 'ivanov_i', '123456')
INSERT INTO [dbo].[manager] (id_manager, login_m, password_m) VALUES (2, 'petrov_v', '456123')
INSERT INTO [dbo].[manager] (id_manager, login_m, password_m) VALUES (3, 'sidorov_r', '145623')

INSERT INTO [dbo].[film] (id_film, manager_id, name, description) VALUES (1, 1, 'Маска Зорро', 'Стареющий герой, отдавший все силы борьбе за справедливость, проведший десятилетия в темнице, потерявший жену и дочь, передает свои знания, умения и черную маску молодому отчаянному бойцу, который будет сражаться с теми, кто вершит зло.')
INSERT INTO [dbo].[film] (id_film, manager_id, name, description) VALUES (2, 2, 'Балто', 'Наполовину лайка, наполовину волк, Балто и сам не знает кто он такой на самом деле. Всеми гонимый бродяга в ледяной пустыне Аляски. Однажды случается несчастье. Эпидемия дифтерии охватила детей небольшого поселка. Теперь только Балто может найти упряжку и спасти детей.')
INSERT INTO [dbo].[film] (id_film, manager_id, name, description) VALUES (3, 3, 'Каспер', 'Каспер, маленькое дружелюбное привидение, не желает походить на своих хулиганствующих собратьев. Его дружба с девочкой-подростком Кэт помогает ей и ее отцу, доктору Харви, справиться с опасностями, поджидающими их в населенном призраками доме.')
INSERT INTO [dbo].[film] (id_film, manager_id, name, description) VALUES (4, 1, 'Мы вернулись! История динозавра', 'Добрый профессор с говорящим именем Благовзгляд отправился во времена динозавров на своём чудесном дирижабле, способном перемещаться во времени. Поймав четырёх злобных динозавров, профессор накормил их специальным препаратом, превратившим монстров в говорящих весельчаков.')
INSERT INTO [dbo].[film] (id_film, manager_id, name, description) VALUES (5, 2, 'Назад в будущее', 'Из газет 1955 года Марти узнает, что доктор Браун погиб еще сто лет назад. Несмотря на просьбы Дока не навещать его в XIX веке, Марти вновь хочет вмешаться в ход событий и на машине времени уносится в 1885 год, навстречу Дикому Западу.')
INSERT INTO [dbo].[film] (id_film, manager_id, name, description) VALUES (6, 3, 'Сны Акиры Куросавы', 'Рассказ о том, как молодой Куросава попадает в картину Винсента Ван Гога и встречается там с самим автором.')
INSERT INTO [dbo].[film] (id_film, manager_id, name, description) VALUES (7, 1, 'Папа', 'Преуспевающий бизнесмен с Уолл-стрит Джон узнает о том, что его 75-летний отец Джейк при смерти. Джон возвращается в дом своих родителей и начинает ухаживать за пожилым отцом.')
INSERT INTO [dbo].[film] (id_film, manager_id, name, description) VALUES (8, 2, 'Кто подставил кролика Роджера', 'Частный детектив расследует загадочное преступление, в котором подозревается мультипликационный персонаж кролик Роджер! Сыщик попадает в непредсказуемый мир, где его ожидают нарисованные злодеи с настоящими револьверами, говорящий автомобиль и соблазнительная мультяшная красотка.')
INSERT INTO [dbo].[film] (id_film, manager_id, name, description) VALUES (9, 3, 'Американская история', 'Фильм повествует об удивительных приключениях маленького отважного мышонка по имени Фивел.')
INSERT INTO [dbo].[film] (id_film, manager_id, name, description) VALUES (10, 1, 'Гремлины', 'Очаровательный пушистый зверек Магвай способен растрогать даже камень. Вдобавок, у него абсолютный слух. Только будьте осторожны: он может погибнуть от солнечного света, на него нельзя брызгать водой, а что будет, если накормить его после полуночи, просто страшно представить.')
INSERT INTO [dbo].[film] (id_film, manager_id, name, description) VALUES (11, 2, 'Заблудшие души', 'Главная героиня узнает о существовании таинственного дьявольского заклятия, воплощение которого грозит человечеству приходом Сатаны. Для того, чтобы предотвратить пришествие Зла, ей надо найти человека, в тело которого собирается вселиться дьявол, и убедить его, что его жизни угрожает реальная опасность.')
INSERT INTO [dbo].[film] (id_film, manager_id, name, description) VALUES (12, 3, 'Абдулладжан, или Посвящается Стивену Спилбергу', 'Сторож сельмага, посмотрев в местном видеосалоне фильм Стивена Спилберга, решил написать письмо в Голливуд о том, что произошло в его кишлаке.')
INSERT INTO [dbo].[film] (id_film, manager_id, name, description) VALUES (13, 1, 'U2: Rattle and Hum', 'Документальный фильм об ирландской рок-группе U2, саундтрек к которому стал шестым студийным альбомом и вышел в том же году.')
INSERT INTO [dbo].[film] (id_film, manager_id, name, description) VALUES (14, 2, 'Лица', 'Ричард и Мария женаты уже четырнадцать лет, но их брак переживает не лучшие времена. Устав друг от друга, они решают поискать забытую остроту ощущений на стороне.')
INSERT INTO [dbo].[film] (id_film, manager_id, name, description) VALUES (15, 3, 'Братья Блюз', 'Братья-музыканты Джейк и Элвуд Блюзы узнают, что их родная церковь будет снесена, если за нее вовремя не внесут плату в 5 тысяч долларов. На поиск денег у братьев не много времени, и они решают дать концерт.')
INSERT INTO [dbo].[film] (id_film, manager_id, name, description) VALUES (16, 1, 'Дон Жуан де Марко', 'Романтическая мелодрама о взаимоотношениях стареющего врача-психиатра и его молодого пациента, который искренне считает себя Дон Жуаном.')
INSERT INTO [dbo].[film] (id_film, manager_id, name, description) VALUES (17, 2, 'Формула', 'Во время Второй мировой войны Германия разработала метод добычи дешевого и экологически безопасного синтетического топлива. Но после поражения Третьего рейха феноменальная формула исчезла.')
INSERT INTO [dbo].[film] (id_film, manager_id, name, description) VALUES (18, 3, 'Последнее танго в Париже', 'Действие происходит в Париже конца шестидесятых. Сорокапятилетний американец потрясен недавней смертью жены, он считает себя виновным и находится в состоянии глубокой депрессии.')
INSERT INTO [dbo].[film] (id_film, manager_id, name, description) VALUES (19, 1, 'Ночь следующего дня', 'В парижском аэропорту двое отморозков похищают девушку и отвозят её в дом на побережье, где находится штаб-квартира всей банды. После получения запрошенного выкупа, и без того натянутые отношения между похитителями сразу разлаживаются.')
INSERT INTO [dbo].[film] (id_film, manager_id, name, description) VALUES (20, 2, 'Погоня', 'Штат Техас. В тихом провинциальном городке следит за порядком добропорядочный шериф Колдер. Однажды покой городка нарушает известие о том, что из тюрьмы бежал Баббер, который желает свести старые счеты кое с кем из жителей города.')

INSERT INTO [dbo].[hall] (id_hall, name, description_hall) VALUES (1, '2D', 'Стандартные кинозалы с возможностью демонстрации фильмов в 2D')
INSERT INTO [dbo].[hall] (id_hall, name, description_hall) VALUES (2, '3D', 'Стандартные кинозалы с возможностью демонстрации фильмов в 3D')
INSERT INTO [dbo].[hall] (id_hall, name, description_hall) VALUES (3,'VIP', 'Премиальные кинозалы с возможностью демонстрации фильмов в 2D и 3D форматах. Отличительная особенность - камерная атмосфера, суперкомфортные кресла-реклайнеры с возможностью регулировки и фиксации положения спинки, подножки и сидения, индивидуальное обслуживание по меню.')
INSERT INTO [dbo].[hall] (id_hall, name, description_hall) VALUES (4,'Комфорт', 'Кинозалы повышенной комфортности с возможностью демонстрации фильмов в 2D и 3D форматах. Отличительная особенность - комфортные кожаные кресла, увеличенное расстояние между рядами.')
INSERT INTO [dbo].[hall] (id_hall, name, description_hall) VALUES (5, 'Dolby Atmos', 'Кинозалы, оборудованные самой совершенной технологией звука DOLBY ATMOS с возможностью демонстрации фильмов в 2D и 3D форматах.')
INSERT INTO [dbo].[hall] (id_hall, name, description_hall) VALUES (6, 'Atmos Комфорт', 'Кинозалы повышенной комфортности , оборудованные самой совершенной технологией звука DOLBY ATMOS с возможностью демонстрации фильмов в 2D и 3D форматах. Отличительная особенность -комфортные кожаные кресла, увеличенное расстояние между рядами, формат звука DOLBY ATMOS.')
INSERT INTO [dbo].[hall] (id_hall, name, description_hall) VALUES (7,'IMAX', 'Кинозалы, оборудованные самой совершенной технологией кинопоказа IMAX, которая полностью погружает зрителя в происходящее на экране. Эффект присутствия создается благодаря огромному экрану, проекторам с кастомизированными линзами и особой геометрии зала.')
INSERT INTO [dbo].[hall] (id_hall, name, description_hall) VALUES (8,'D-BOX', 'Кинозалы, оборудованные динамическими креслами D-BOX, которые созданы по специальной технологии, синхронизирующей движения на экране с движением кресла - это настоящий аттракцион.')
INSERT INTO [dbo].[hall] (id_hall, name, description_hall) VALUES (9,'Детский зал', 'Специализированные кинозалы для семейного просмотра. Отличительная особенность - ряды цветных кресел с увеличенным расстоянием для ног, в первом ряду лежат пуфы и удобные диваны-горки. Дети могут спокойно и беспрепятственно передвигаться по залу во время сеанса.')

INSERT INTO [dbo].[hall_row] (id_hall_row, hall_id_h, number, capacity, category, description) VALUES (1, 1, 1, 10, 'economy', 'Места в первых рядах - не очень удобные для просмотра')
INSERT INTO [dbo].[hall_row] (id_hall_row, hall_id_h, number, capacity, category, description) VALUES (2, 1, 2, 10, 'standart', 'Места выгодные по цене и удобные для просмотра')
INSERT INTO [dbo].[hall_row] (id_hall_row, hall_id_h, number, capacity, category, description) VALUES (3, 1, 3, 10, 'comfort', 'Места в  центре зала  -самые лучшие для комфортного просмотра')
INSERT INTO [dbo].[hall_row] (id_hall_row, hall_id_h, number, capacity, category, description) VALUES (4, 1, 4, 10, 'comfort', 'Места в  центре зала  -самые лучшие для комфортного просмотра')
INSERT INTO [dbo].[hall_row] (id_hall_row, hall_id_h, number, capacity, category, description) VALUES (5, 1, 5, 8, 'vip', 'Все места в VIP-залах - суперкомфортные кресла-реклайнеры')
INSERT INTO [dbo].[hall_row] (id_hall_row, hall_id_h, number, capacity, category, description) VALUES (6, 1, 6, 8, 'vip', 'Все места в VIP-залах - суперкомфортные кресла-реклайнеры')
INSERT INTO [dbo].[hall_row] (id_hall_row, hall_id_h, number, capacity, category, description) VALUES (7, 1, 7, 8, 'love', 'Парные диванчики  на последнем ряду для романтических свиданий')
INSERT INTO [dbo].[hall_row] (id_hall_row, hall_id_h, number, capacity, category, description) VALUES (8, 2, 1, 10, 'economy', 'Места в первых рядах - не очень удобные для просмотра')
INSERT INTO [dbo].[hall_row] (id_hall_row, hall_id_h, number, capacity, category, description) VALUES (9, 2, 2, 10, 'standart', 'Места выгодные по цене и удобные для просмотра')
INSERT INTO [dbo].[hall_row] (id_hall_row, hall_id_h, number, capacity, category, description) VALUES (10, 2, 3, 10, 'comfort', 'Места в  центре зала  -самые лучшие для комфортного просмотра')
INSERT INTO [dbo].[hall_row] (id_hall_row, hall_id_h, number, capacity, category, description) VALUES (11, 2, 4, 10, 'comfort', 'Места в  центре зала  -самые лучшие для комфортного просмотра')
INSERT INTO [dbo].[hall_row] (id_hall_row, hall_id_h, number, capacity, category, description) VALUES (12, 2, 5, 8, 'vip', 'Все места в VIP-залах - суперкомфортные кресла-реклайнеры')
INSERT INTO [dbo].[hall_row] (id_hall_row, hall_id_h, number, capacity, category, description) VALUES (13, 2, 6, 8, 'vip', 'Все места в VIP-залах - суперкомфортные кресла-реклайнеры')
INSERT INTO [dbo].[hall_row] (id_hall_row, hall_id_h, number, capacity, category, description) VALUES (14, 2, 7, 8, 'love', 'Парные диванчики  на последнем ряду для романтических свиданий')
INSERT INTO [dbo].[hall_row] (id_hall_row, hall_id_h, number, capacity, category, description) VALUES (15, 3, 1, 10, 'economy', 'Места в первых рядах - не очень удобные для просмотра')
INSERT INTO [dbo].[hall_row] (id_hall_row, hall_id_h, number, capacity, category, description) VALUES (16, 3, 2, 10, 'standart', 'Места выгодные по цене и удобные для просмотра')
INSERT INTO [dbo].[hall_row] (id_hall_row, hall_id_h, number, capacity, category, description) VALUES (17, 3, 3, 10, 'comfort', 'Места в  центре зала  -самые лучшие для комфортного просмотра')
INSERT INTO [dbo].[hall_row] (id_hall_row, hall_id_h, number, capacity, category, description) VALUES (18, 3, 4, 10, 'comfort', 'Места в  центре зала  -самые лучшие для комфортного просмотра')
INSERT INTO [dbo].[hall_row] (id_hall_row, hall_id_h, number, capacity, category, description) VALUES (19, 3, 5, 8, 'vip', 'Все места в VIP-залах - суперкомфортные кресла-реклайнеры')
INSERT INTO [dbo].[hall_row] (id_hall_row, hall_id_h, number, capacity, category, description) VALUES (20, 3, 6, 8, 'vip', 'Все места в VIP-залах - суперкомфортные кресла-реклайнеры')
INSERT INTO [dbo].[hall_row] (id_hall_row, hall_id_h, number, capacity, category, description) VALUES (21, 3, 7, 8, 'love', 'Парные диванчики  на последнем ряду для романтических свиданий')
INSERT INTO [dbo].[hall_row] (id_hall_row, hall_id_h, number, capacity, category, description) VALUES (22, 4, 1, 10, 'economy', 'Места в первых рядах - не очень удобные для просмотра')
INSERT INTO [dbo].[hall_row] (id_hall_row, hall_id_h, number, capacity, category, description) VALUES (23, 4, 2, 10, 'standart', 'Места выгодные по цене и удобные для просмотра')
INSERT INTO [dbo].[hall_row] (id_hall_row, hall_id_h, number, capacity, category, description) VALUES (24, 4, 3, 10, 'comfort', 'Места в  центре зала  -самые лучшие для комфортного просмотра')
INSERT INTO [dbo].[hall_row] (id_hall_row, hall_id_h, number, capacity, category, description) VALUES (25, 4, 4, 10, 'comfort', 'Места в  центре зала  -самые лучшие для комфортного просмотра')
INSERT INTO [dbo].[hall_row] (id_hall_row, hall_id_h, number, capacity, category, description) VALUES (26, 4, 5, 8, 'vip', 'Все места в VIP-залах - суперкомфортные кресла-реклайнеры')
INSERT INTO [dbo].[hall_row] (id_hall_row, hall_id_h, number, capacity, category, description) VALUES (27, 4, 6, 8, 'vip', 'Все места в VIP-залах - суперкомфортные кресла-реклайнеры')
INSERT INTO [dbo].[hall_row] (id_hall_row, hall_id_h, number, capacity, category, description) VALUES (28, 4, 7, 8, 'love', 'Парные диванчики  на последнем ряду для романтических свиданий')
INSERT INTO [dbo].[hall_row] (id_hall_row, hall_id_h, number, capacity, category, description) VALUES (29, 5, 1, 10, 'economy', 'Места в первых рядах - не очень удобные для просмотра')
INSERT INTO [dbo].[hall_row] (id_hall_row, hall_id_h, number, capacity, category, description) VALUES (30, 5, 2, 10, 'standart', 'Места выгодные по цене и удобные для просмотра')
INSERT INTO [dbo].[hall_row] (id_hall_row, hall_id_h, number, capacity, category, description) VALUES (31, 5, 3, 10, 'comfort', 'Места в  центре зала  -самые лучшие для комфортного просмотра')
INSERT INTO [dbo].[hall_row] (id_hall_row, hall_id_h, number, capacity, category, description) VALUES (32, 5, 4, 10, 'comfort', 'Места в  центре зала  -самые лучшие для комфортного просмотра')
INSERT INTO [dbo].[hall_row] (id_hall_row, hall_id_h, number, capacity, category, description) VALUES (33, 5, 5, 8, 'vip', 'Все места в VIP-залах - суперкомфортные кресла-реклайнеры')
INSERT INTO [dbo].[hall_row] (id_hall_row, hall_id_h, number, capacity, category, description) VALUES (34, 5, 6, 8, 'vip', 'Все места в VIP-залах - суперкомфортные кресла-реклайнеры')
INSERT INTO [dbo].[hall_row] (id_hall_row, hall_id_h, number, capacity, category, description) VALUES (35, 5, 7, 8, 'love', 'Парные диванчики  на последнем ряду для романтических свиданий')
INSERT INTO [dbo].[hall_row] (id_hall_row, hall_id_h, number, capacity, category, description) VALUES (36, 6, 1, 10, 'economy', 'Места в первых рядах - не очень удобные для просмотра')
INSERT INTO [dbo].[hall_row] (id_hall_row, hall_id_h, number, capacity, category, description) VALUES (37, 6, 2, 10, 'standart', 'Места выгодные по цене и удобные для просмотра')
INSERT INTO [dbo].[hall_row] (id_hall_row, hall_id_h, number, capacity, category, description) VALUES (38, 6, 3, 10, 'comfort', 'Места в  центре зала  -самые лучшие для комфортного просмотра')
INSERT INTO [dbo].[hall_row] (id_hall_row, hall_id_h, number, capacity, category, description) VALUES (39, 6, 4, 10, 'comfort', 'Места в  центре зала  -самые лучшие для комфортного просмотра')
INSERT INTO [dbo].[hall_row] (id_hall_row, hall_id_h, number, capacity, category, description) VALUES (40, 6, 5, 8, 'vip', 'Все места в VIP-залах - суперкомфортные кресла-реклайнеры')
INSERT INTO [dbo].[hall_row] (id_hall_row, hall_id_h, number, capacity, category, description) VALUES (41, 6, 6, 8, 'vip', 'Все места в VIP-залах - суперкомфортные кресла-реклайнеры')
INSERT INTO [dbo].[hall_row] (id_hall_row, hall_id_h, number, capacity, category, description) VALUES (42, 6, 7, 8, 'love', 'Парные диванчики  на последнем ряду для романтических свиданий')
INSERT INTO [dbo].[hall_row] (id_hall_row, hall_id_h, number, capacity, category, description) VALUES (43, 7, 1, 10, 'economy', 'Места в первых рядах - не очень удобные для просмотра')
INSERT INTO [dbo].[hall_row] (id_hall_row, hall_id_h, number, capacity, category, description) VALUES (44, 7, 2, 10, 'standart', 'Места выгодные по цене и удобные для просмотра')
INSERT INTO [dbo].[hall_row] (id_hall_row, hall_id_h, number, capacity, category, description) VALUES (45, 7, 3, 10, 'comfort', 'Места в  центре зала  -самые лучшие для комфортного просмотра')
INSERT INTO [dbo].[hall_row] (id_hall_row, hall_id_h, number, capacity, category, description) VALUES (46, 7, 4, 10, 'comfort', 'Места в  центре зала  -самые лучшие для комфортного просмотра')
INSERT INTO [dbo].[hall_row] (id_hall_row, hall_id_h, number, capacity, category, description) VALUES (47, 7, 5, 8, 'vip', 'Все места в VIP-залах - суперкомфортные кресла-реклайнеры')
INSERT INTO [dbo].[hall_row] (id_hall_row, hall_id_h, number, capacity, category, description) VALUES (48, 7, 6, 8, 'vip', 'Все места в VIP-залах - суперкомфортные кресла-реклайнеры')
INSERT INTO [dbo].[hall_row] (id_hall_row, hall_id_h, number, capacity, category, description) VALUES (49, 7, 7, 8, 'love', 'Парные диванчики  на последнем ряду для романтических свиданий')
INSERT INTO [dbo].[hall_row] (id_hall_row, hall_id_h, number, capacity, category, description) VALUES (50, 8, 1, 10, 'economy', 'Места в первых рядах - не очень удобные для просмотра')
INSERT INTO [dbo].[hall_row] (id_hall_row, hall_id_h, number, capacity, category, description) VALUES (51, 8, 2, 10, 'standart', 'Места выгодные по цене и удобные для просмотра')
INSERT INTO [dbo].[hall_row] (id_hall_row, hall_id_h, number, capacity, category, description) VALUES (52, 8, 3, 10, 'comfort', 'Места в  центре зала  -самые лучшие для комфортного просмотра')
INSERT INTO [dbo].[hall_row] (id_hall_row, hall_id_h, number, capacity, category, description) VALUES (53, 8, 4, 10, 'comfort', 'Места в  центре зала  -самые лучшие для комфортного просмотра')
INSERT INTO [dbo].[hall_row] (id_hall_row, hall_id_h, number, capacity, category, description) VALUES (54, 8, 5, 8, 'vip', 'Все места в VIP-залах - суперкомфортные кресла-реклайнеры')
INSERT INTO [dbo].[hall_row] (id_hall_row, hall_id_h, number, capacity, category, description) VALUES (55, 8, 6, 8, 'vip', 'Все места в VIP-залах - суперкомфортные кресла-реклайнеры')
INSERT INTO [dbo].[hall_row] (id_hall_row, hall_id_h, number, capacity, category, description) VALUES (56, 8, 7, 8, 'love', 'Парные диванчики  на последнем ряду для романтических свиданий')
INSERT INTO [dbo].[hall_row] (id_hall_row, hall_id_h, number, capacity, category, description) VALUES (57, 9, 1, 10, 'economy', 'Места в первых рядах - не очень удобные для просмотра')
INSERT INTO [dbo].[hall_row] (id_hall_row, hall_id_h, number, capacity, category, description) VALUES (58, 9, 2, 10, 'standart', 'Места выгодные по цене и удобные для просмотра')
INSERT INTO [dbo].[hall_row] (id_hall_row, hall_id_h, number, capacity, category, description) VALUES (59, 9, 3, 10, 'comfort', 'Места в  центре зала  -самые лучшие для комфортного просмотра')
INSERT INTO [dbo].[hall_row] (id_hall_row, hall_id_h, number, capacity, category, description) VALUES (60, 9, 4, 10, 'comfort', 'Места в  центре зала  -самые лучшие для комфортного просмотра')
INSERT INTO [dbo].[hall_row] (id_hall_row, hall_id_h, number, capacity, category, description) VALUES (61, 9, 5, 8, 'vip', 'Все места в VIP-залах - суперкомфортные кресла-реклайнеры')
INSERT INTO [dbo].[hall_row] (id_hall_row, hall_id_h, number, capacity, category, description) VALUES (62, 9, 6, 8, 'vip', 'Все места в VIP-залах - суперкомфортные кресла-реклайнеры')
INSERT INTO [dbo].[hall_row] (id_hall_row, hall_id_h, number, capacity, category, description) VALUES (63, 9, 7, 8, 'love', 'Парные диванчики  на последнем ряду для романтических свиданий')

INSERT INTO [dbo].[screening] (id_screening, hall_id ,film_id, time) VALUES (1, 1, 1, '20210601 10:35:00 AM')
INSERT INTO [dbo].[screening] (id_screening, hall_id ,film_id, time) VALUES (2, 1, 1, '20210601 12:00:00 AM')
INSERT INTO [dbo].[screening] (id_screening, hall_id ,film_id, time) VALUES (3, 1, 1, '20210601 6:35:00 PM')
INSERT INTO [dbo].[screening] (id_screening, hall_id ,film_id, time) VALUES (4, 2, 7, '20210601 10:15:00 AM')
INSERT INTO [dbo].[screening] (id_screening, hall_id ,film_id, time) VALUES (5, 2, 7, '20210601 6:00:00 PM')
INSERT INTO [dbo].[screening] (id_screening, hall_id ,film_id, time) VALUES (6, 2, 7, '20210601 8:35:00 PM')
INSERT INTO [dbo].[screening] (id_screening, hall_id ,film_id, time) VALUES (7, 3, 6, '20210601 11:35:00 AM')
INSERT INTO [dbo].[screening] (id_screening, hall_id ,film_id, time) VALUES (8, 3, 6, '20210601 3:00:00 PM')
INSERT INTO [dbo].[screening] (id_screening, hall_id ,film_id, time) VALUES (9, 3, 6, '20210601 7:35:00 PM')
INSERT INTO [dbo].[screening] (id_screening, hall_id ,film_id, time) VALUES (10, 4, 8, '20210601 12:35:00 AM')
INSERT INTO [dbo].[screening] (id_screening, hall_id ,film_id, time) VALUES (11, 4, 8, '20210601 5:00:00 PM')
INSERT INTO [dbo].[screening] (id_screening, hall_id ,film_id, time) VALUES (12, 4, 8, '20210601 1:35:00 PM')
INSERT INTO [dbo].[screening] (id_screening, hall_id ,film_id, time) VALUES (13, 5, 12, '20210601 10:35:00 AM')
INSERT INTO [dbo].[screening] (id_screening, hall_id ,film_id, time) VALUES (14, 5, 12, '20210601 11:00:00 AM')
INSERT INTO [dbo].[screening] (id_screening, hall_id ,film_id, time) VALUES (15, 5, 1, '20210601 7:35:00 PM')
INSERT INTO [dbo].[screening] (id_screening, hall_id ,film_id, time) VALUES (16, 6, 18, '20210601 12:35:00 AM')
INSERT INTO [dbo].[screening] (id_screening, hall_id ,film_id, time) VALUES (17, 6, 18, '20210601 12:10:00 AM')
INSERT INTO [dbo].[screening] (id_screening, hall_id ,film_id, time) VALUES (18, 6, 18, '20210601 6:35:00 PM')
INSERT INTO [dbo].[screening] (id_screening, hall_id ,film_id, time) VALUES (19, 7, 14, '20210601 09:35:00 AM')
INSERT INTO [dbo].[screening] (id_screening, hall_id ,film_id, time) VALUES (20, 7, 14, '20210601 11:25:00 AM')
INSERT INTO [dbo].[screening] (id_screening, hall_id ,film_id, time) VALUES (21, 7, 14, '20210601 1:35:00 PM')
INSERT INTO [dbo].[screening] (id_screening, hall_id ,film_id, time) VALUES (22, 8, 16, '20210601 10:35:00 AM')
INSERT INTO [dbo].[screening] (id_screening, hall_id ,film_id, time) VALUES (23, 8, 16, '20210601 11:05:00 AM')
INSERT INTO [dbo].[screening] (id_screening, hall_id ,film_id, time) VALUES (24, 8, 16, '20210601 2:45:00 PM')
INSERT INTO [dbo].[screening] (id_screening, hall_id ,film_id, time) VALUES (25, 9, 3, '20210601 10:35:00 AM')
INSERT INTO [dbo].[screening] (id_screening, hall_id ,film_id, time) VALUES (26, 9, 3, '20210601 11:00:00 AM')
INSERT INTO [dbo].[screening] (id_screening, hall_id ,film_id, time) VALUES (27, 9, 3, '20210601 12:35:00 AM')

INSERT INTO [dbo].[cashier] (id_cashier, login_c, password_c) VALUES (1, 'shipilov_i', '286549')
INSERT INTO [dbo].[cashier] (id_cashier, login_c, password_c) VALUES (2, 'vdovin_v', '456876')
INSERT INTO [dbo].[cashier] (id_cashier, login_c, password_c) VALUES (3, 'capov_r', '357951')

INSERT INTO [dbo].[tickets] (id_tickets, id_screening_t, cashier_id, row ,seat ,cost) VALUES (1, 1, 1, 2, 3, 150)
INSERT INTO [dbo].[tickets] (id_tickets, id_screening_t, cashier_id, row ,seat ,cost) VALUES (2, 1, 2, 3, 3, 200)
INSERT INTO [dbo].[tickets] (id_tickets, id_screening_t, cashier_id, row ,seat ,cost) VALUES (3, 1, 3, 3, 4, 150)
INSERT INTO [dbo].[tickets] (id_tickets, id_screening_t, cashier_id, row ,seat ,cost) VALUES (4, 2, 1, 2, 3, 250)
INSERT INTO [dbo].[tickets] (id_tickets, id_screening_t, cashier_id, row ,seat ,cost) VALUES (5, 2, 2, 4, 5, 300)
INSERT INTO [dbo].[tickets] (id_tickets, id_screening_t, cashier_id, row ,seat ,cost) VALUES (6, 2, 3, 6, 7, 450)
INSERT INTO [dbo].[tickets] (id_tickets, id_screening_t, cashier_id, row ,seat ,cost) VALUES (7, 3, 1, 3, 3, 450)
INSERT INTO [dbo].[tickets] (id_tickets, id_screening_t, cashier_id, row ,seat ,cost) VALUES (8, 3, 2, 4, 5, 500)
INSERT INTO [dbo].[tickets] (id_tickets, id_screening_t, cashier_id, row ,seat ,cost) VALUES (9, 3, 3, 6, 7, 550)
INSERT INTO [dbo].[tickets] (id_tickets, id_screening_t, cashier_id, row ,seat ,cost) VALUES (10, 4, 1, 5, 3, 450)
INSERT INTO [dbo].[tickets] (id_tickets, id_screening_t, cashier_id, row ,seat ,cost) VALUES (11, 4, 2, 5, 5, 500)
INSERT INTO [dbo].[tickets] (id_tickets, id_screening_t, cashier_id, row ,seat ,cost) VALUES (12, 4, 3, 6, 7, 550)
INSERT INTO [dbo].[tickets] (id_tickets, id_screening_t, cashier_id, row ,seat ,cost) VALUES (13, 5, 1, 6, 3, 450)
INSERT INTO [dbo].[tickets] (id_tickets, id_screening_t, cashier_id, row ,seat ,cost) VALUES (14, 5, 2, 6, 5, 500)
INSERT INTO [dbo].[tickets] (id_tickets, id_screening_t, cashier_id, row ,seat ,cost) VALUES (15, 5, 3, 6, 7, 550)
INSERT INTO [dbo].[tickets] (id_tickets, id_screening_t, cashier_id, row ,seat ,cost) VALUES (16, 6, 1, 2, 3, 450)
INSERT INTO [dbo].[tickets] (id_tickets, id_screening_t, cashier_id, row ,seat ,cost) VALUES (17, 6, 2, 4, 5, 500)
INSERT INTO [dbo].[tickets] (id_tickets, id_screening_t, cashier_id, row ,seat ,cost) VALUES (18, 6, 3, 5, 7, 550)
INSERT INTO [dbo].[tickets] (id_tickets, id_screening_t, cashier_id, row ,seat ,cost) VALUES (19, 7, 1, 2, 3, 450)
INSERT INTO [dbo].[tickets] (id_tickets, id_screening_t, cashier_id, row ,seat ,cost) VALUES (20, 7, 2, 4, 5, 500)
INSERT INTO [dbo].[tickets] (id_tickets, id_screening_t, cashier_id, row ,seat ,cost) VALUES (21, 7, 3, 5, 7, 550)
INSERT INTO [dbo].[tickets] (id_tickets, id_screening_t, cashier_id, row ,seat ,cost) VALUES (22, 8, 1, 2, 3, 450)
INSERT INTO [dbo].[tickets] (id_tickets, id_screening_t, cashier_id, row ,seat ,cost) VALUES (23, 8, 2, 4, 5, 500)
INSERT INTO [dbo].[tickets] (id_tickets, id_screening_t, cashier_id, row ,seat ,cost) VALUES (24, 8, 3, 5, 7, 550)
INSERT INTO [dbo].[tickets] (id_tickets, id_screening_t, cashier_id, row ,seat ,cost) VALUES (25, 9, 1, 2, 3, 450)
INSERT INTO [dbo].[tickets] (id_tickets, id_screening_t, cashier_id, row ,seat ,cost) VALUES (26, 9, 2, 4, 5, 500)
INSERT INTO [dbo].[tickets] (id_tickets, id_screening_t, cashier_id, row ,seat ,cost) VALUES (27, 9, 3, 5, 7, 550)

SELECT * FROM tickets